pair_id,window_id,start_frame,end_frame,start_time,end_time,vehicle_count,avg_speed,stop_proxy,congestion_score,label,label_id
769,0,0,148,0.0,5.0,17,8.0319,0.5748,0.4891,medium,1
769,1,149,298,5.0,10.0,19,7.0897,0.596,0.5628,medium,1
769,2,299,448,10.0,15.0,23,9.6133,0.6114,0.6095,medium,1
769,3,449,598,15.0,20.0,22,8.0468,0.6979,0.6361,medium,1
769,4,599,748,20.0,25.0,21,2.5296,0.8504,0.7443,high,2
769,5,749,898,25.0,30.0,21,2.1347,0.9026,0.7548,high,2
769,6,899,1047,30.0,35.0,26,3.4023,0.6788,0.8308,high,2
769,7,1048,1197,35.0,40.0,27,5.9717,0.6579,0.7956,high,2
769,8,1198,1347,40.0,45.0,30,4.7962,0.5794,0.879,high,2
769,9,1348,1497,45.0,50.0,32,15.1837,0.205,0.5845,medium,1
769,10,1498,1647,50.0,55.0,36,21.5894,0.2267,0.4504,medium,1
769,11,1648,1797,55.0,60.0,32,17.5448,0.4236,0.5772,medium,1
769,12,1798,1947,60.0,65.0,26,15.6769,0.5368,0.5371,medium,1
769,13,1948,2096,65.0,70.0,25,17.1387,0.5627,0.4862,medium,1
769,14,2097,2246,70.0,75.0,23,15.4227,0.5197,0.4656,medium,1
769,15,2247,2396,75.0,80.0,20,9.9099,0.4231,0.4918,medium,1
769,16,2397,2546,80.0,85.0,21,13.9381,0.0766,0.36,medium,1
769,17,2547,2696,85.0,90.0,26,16.8282,0.075,0.4199,medium,1
769,18,2697,2846,90.0,95.0,24,11.491,0.2018,0.5115,medium,1
769,19,2847,2996,95.0,100.0,21,9.7638,0.3401,0.5029,medium,1
769,20,2997,3145,100.0,105.0,22,9.3532,0.2073,0.5097,medium,1
769,21,3146,3295,105.0,110.0,25,14.0018,0.1772,0.4769,medium,1
769,22,3296,3445,110.0,115.0,23,11.8392,0.3601,0.5111,medium,1
769,23,3446,3595,115.0,120.0,21,9.8619,0.4338,0.5195,medium,1
769,24,3596,3745,120.0,125.0,23,12.6495,0.3212,0.4858,medium,1
769,25,3746,3895,125.0,130.0,22,6.4806,0.6481,0.66,medium,1
769,26,3896,4044,130.0,135.0,18,2.2856,0.7718,0.655,medium,1
769,27,4045,4194,135.0,140.0,23,11.3545,0.6068,0.5709,medium,1
769,28,4195,4344,140.0,145.0,24,10.7386,0.5288,0.5932,medium,1
769,29,4345,4494,145.0,150.0,23,15.328,0.3356,0.4308,medium,1
769,30,4495,4644,150.0,155.0,24,22.4477,0.3137,0.3106,low,0
769,31,4645,4794,155.0,160.0,25,17.9193,0.3652,0.4298,medium,1
769,32,4795,4944,160.0,165.0,21,15.7756,0.4712,0.3992,medium,1
769,33,4945,5093,165.0,170.0,15,12.426,0.6305,0.3562,medium,1
769,34,5094,5243,170.0,175.0,14,8.1882,0.7794,0.453,medium,1
769,35,5244,5393,175.0,180.0,13,6.9379,0.6888,0.4595,medium,1
769,36,5394,5543,180.0,185.0,13,9.8536,0.5535,0.3694,medium,1
769,37,5544,5693,185.0,190.0,14,15.106,0.5706,0.2618,low,0
769,38,5694,5843,190.0,195.0,11,14.4037,0.4155,0.2435,low,0
769,39,5844,5993,195.0,200.0,14,21.7541,0.228,0.0496,low,0
769,40,5994,6142,200.0,205.0,15,20.0553,0.1093,0.0871,low,0
769,41,6143,6292,205.0,210.0,23,20.0166,0.2962,0.3216,low,0
769,42,6293,6442,210.0,215.0,21,10.7344,0.4705,0.508,medium,1
769,43,6443,6592,215.0,220.0,21,7.9312,0.5849,0.5914,medium,1
769,44,6593,6742,220.0,225.0,25,8.6276,0.5802,0.6736,high,2
769,45,6743,6892,225.0,230.0,26,8.56,0.6057,0.7047,high,2
769,46,6893,7041,230.0,235.0,24,5.4526,0.5321,0.7081,high,2
769,47,7042,7191,235.0,240.0,23,17.3304,0.0788,0.3362,medium,1
769,48,7192,7341,240.0,245.0,28,26.9563,0.0221,0.3504,medium,1
769,49,7342,7491,245.0,250.0,27,26.4565,0.2298,0.3674,medium,1
769,50,7492,7641,250.0,255.0,19,20.5365,0.4715,0.2473,low,0
769,51,7642,7791,255.0,260.0,16,10.7907,0.6143,0.4128,medium,1
769,52,7792,7941,260.0,265.0,16,16.0834,0.5363,0.2828,low,0
769,53,7942,8090,265.0,270.0,15,9.4076,0.5452,0.4044,medium,1
769,54,8091,8240,270.0,275.0,14,8.3617,0.4545,0.3843,medium,1
769,55,8241,8390,275.0,280.0,21,14.6512,0.1162,0.3525,medium,1
769,56,8391,8540,280.0,285.0,28,18.4385,0.2472,0.4686,medium,1
769,57,8541,8690,285.0,290.0,23,14.8544,0.3521,0.4443,medium,1
769,58,8691,8840,290.0,295.0,15,13.4272,0.4,0.2885,low,0
770,0,0,148,0.0,5.0,23,11.8637,0.5156,0.5369,medium,1
770,1,149,298,5.0,10.0,24,8.5727,0.605,0.6478,medium,1
770,2,299,448,10.0,15.0,30,14.1824,0.5397,0.6917,high,2
770,3,449,598,15.0,20.0,32,7.4282,0.5488,0.8299,high,2
770,4,599,748,20.0,25.0,32,8.762,0.7107,0.8359,high,2
770,5,749,898,25.0,30.0,30,6.456,0.8377,0.9041,high,2
770,6,899,1047,30.0,35.0,28,4.4677,0.8308,0.8861,high,2
770,7,1048,1197,35.0,40.0,25,3.2079,0.8579,0.8289,high,2
770,8,1198,1347,40.0,45.0,24,4.3454,0.6038,0.7312,high,2
770,9,1348,1497,45.0,50.0,25,14.2754,0.4698,0.536,medium,1
770,10,1498,1647,50.0,55.0,29,19.1656,0.2832,0.5138,medium,1
770,11,1648,1797,55.0,60.0,29,23.5965,0.1741,0.4044,medium,1
770,12,1798,1947,60.0,65.0,27,24.2202,0.2633,0.3659,medium,1
770,13,1948,2096,65.0,70.0,26,18.6137,0.3302,0.4502,medium,1
770,14,2097,2246,70.0,75.0,22,16.3798,0.4187,0.4002,medium,1
770,15,2247,2396,75.0,80.0,17,15.8359,0.4869,0.2848,low,0
770,16,2397,2546,80.0,85.0,14,9.4264,0.6703,0.4146,medium,1
770,17,2547,2696,85.0,90.0,13,5.5416,0.5942,0.4762,medium,1
770,18,2697,2846,90.0,95.0,16,9.5358,0.5233,0.3887,medium,1
770,19,2847,2996,95.0,100.0,16,13.3807,0.5482,0.3176,low,0
770,20,2997,3145,100.0,105.0,18,10.8207,0.5386,0.4223,medium,1
770,21,3146,3295,105.0,110.0,18,14.5071,0.2595,0.2935,low,0
770,22,3296,3445,110.0,115.0,27,19.2337,0.2515,0.4502,medium,1
770,23,3446,3595,115.0,120.0,24,15.1913,0.362,0.4683,medium,1
770,24,3596,3745,120.0,125.0,24,8.3,0.6257,0.6574,medium,1
770,25,3746,3895,125.0,130.0,28,7.7962,0.5544,0.765,high,2
770,26,3896,4044,130.0,135.0,28,6.4798,0.641,0.8083,high,2
770,27,4045,4194,135.0,140.0,28,5.442,0.7298,0.8466,high,2
770,28,4195,4344,140.0,145.0,26,4.2713,0.5526,0.7784,high,2
770,29,4345,4494,145.0,150.0,29,11.3824,0.4786,0.7068,high,2
770,30,4495,4644,150.0,155.0,29,13.4988,0.4176,0.6528,medium,1
770,31,4645,4794,155.0,160.0,28,16.8786,0.2058,0.5156,medium,1
770,32,4795,4944,160.0,165.0,31,18.3477,0.3148,0.5671,medium,1
770,33,4945,5093,165.0,170.0,25,18.2008,0.443,0.453,medium,1
770,34,5094,5243,170.0,175.0,22,16.5167,0.448,0.4034,medium,1
770,35,5244,5393,175.0,180.0,19,16.1498,0.4815,0.3334,medium,1
770,36,5394,5543,180.0,185.0,18,13.5004,0.497,0.361,medium,1
770,37,5544,5693,185.0,190.0,18,7.4688,0.4764,0.4761,medium,1
770,38,5694,5843,190.0,195.0,23,12.5062,0.4218,0.5054,medium,1
770,39,5844,5993,195.0,200.0,26,9.7542,0.5281,0.665,medium,1
770,40,5994,6142,200.0,205.0,24,5.1666,0.6425,0.7227,high,2
770,41,6143,6292,205.0,210.0,28,11.2402,0.5764,0.7012,high,2
770,42,6293,6442,210.0,215.0,30,9.9301,0.5461,0.777,high,2
770,43,6443,6592,215.0,220.0,27,8.0078,0.6414,0.7502,high,2
770,44,6593,6742,220.0,225.0,23,3.4054,0.842,0.7694,high,2
770,45,6743,6892,225.0,230.0,22,3.9906,0.8139,0.7243,high,2
770,46,6893,7041,230.0,235.0,27,8.0256,0.8005,0.7817,high,2
770,47,7042,7191,235.0,240.0,25,3.2281,0.7338,0.8041,high,2
770,48,7192,7341,240.0,245.0,22,2.522,0.7758,0.7286,high,2
770,49,7342,7491,245.0,250.0,23,6.8747,0.7156,0.6756,high,2
770,50,7492,7641,250.0,255.0,21,6.0601,0.4975,0.5921,medium,1
770,51,7642,7791,255.0,260.0,25,21.9784,0.0842,0.3065,low,0
770,52,7792,7941,260.0,265.0,30,26.9018,0.2293,0.4431,medium,1
770,53,7942,8090,265.0,270.0,24,23.7755,0.2967,0.2887,low,0
770,54,8091,8240,270.0,275.0,19,18.2995,0.2242,0.2395,low,0
770,55,8241,8390,275.0,280.0,18,21.0544,0.2281,0.1578,low,0
770,56,8391,8540,280.0,285.0,17,20.7555,0.2277,0.1356,low,0
770,57,8541,8690,285.0,290.0,16,10.9772,0.2471,0.3049,low,0
770,58,8691,8840,290.0,295.0,10,11.13,0.5129,0.3495,medium,1
771,0,0,148,0.0,5.0,22,10.7907,0.5053,0.6309,medium,1
771,1,149,298,5.0,10.0,25,11.4472,0.5383,0.7031,high,2
771,2,299,448,10.0,15.0,24,7.7984,0.5017,0.7373,high,2
771,3,449,598,15.0,20.0,25,15.6909,0.3722,0.5914,medium,1
771,4,599,748,20.0,25.0,28,12.8267,0.4557,0.7387,high,2
771,5,749,898,25.0,30.0,28,9.792,0.5643,0.8165,high,2
771,6,899,1047,30.0,35.0,28,6.5781,0.6752,0.8981,high,2
771,7,1048,1197,35.0,40.0,25,6.3362,0.6499,0.8199,high,2
771,8,1198,1347,40.0,45.0,26,5.9437,0.7016,0.8633,high,2
771,9,1348,1497,45.0,50.0,28,6.2012,0.7265,0.9153,high,2
771,10,1498,1647,50.0,55.0,27,6.3927,0.5698,0.8546,high,2
771,11,1648,1797,55.0,60.0,27,6.6508,0.5935,0.8545,high,2
771,12,1798,1947,60.0,65.0,23,8.8509,0.3756,0.6667,medium,1
771,13,1948,2096,65.0,70.0,20,24.7806,0.1764,0.2548,low,0
771,14,2097,2246,70.0,75.0,23,26.848,0.1725,0.3051,low,0
771,15,2247,2396,75.0,80.0,20,23.8847,0.2575,0.2876,low,0
771,16,2397,2546,80.0,85.0,19,24.8471,0.341,0.2606,low,0
771,17,2547,2696,85.0,90.0,17,23.7401,0.3727,0.2357,low,0
771,18,2697,2846,90.0,95.0,12,12.0959,0.4887,0.3588,medium,1
771,19,2847,2996,95.0,100.0,13,11.346,0.2944,0.3455,medium,1
771,20,2997,3145,100.0,105.0,19,16.9459,0.3182,0.4021,medium,1
771,21,3146,3295,105.0,110.0,22,16.3913,0.3348,0.4933,medium,1
771,22,3296,3445,110.0,115.0,19,12.7586,0.3142,0.4787,medium,1
771,23,3446,3595,115.0,120.0,22,13.7884,0.333,0.5411,medium,1
771,24,3596,3745,120.0,125.0,26,17.017,0.355,0.5894,medium,1
771,25,3746,3895,125.0,130.0,31,11.5096,0.4833,0.7686,high,2
771,26,3896,4044,130.0,135.0,30,11.2564,0.5626,0.7891,high,2
771,27,4045,4194,135.0,140.0,26,5.3422,0.5706,0.8483,high,2
771,28,4195,4344,140.0,145.0,28,6.6589,0.5801,0.8776,high,2
771,29,4345,4494,145.0,150.0,27,5.1001,0.6919,0.9029,high,2
771,30,4495,4644,150.0,155.0,27,5.6151,0.6501,0.885,high,2
771,31,4645,4794,155.0,160.0,28,5.4731,0.6821,0.9199,high,2
771,32,4795,4944,160.0,165.0,22,9.8902,0.2786,0.6022,medium,1
771,33,4945,5093,165.0,170.0,25,26.3652,0.0961,0.3416,medium,1
771,34,5094,5243,170.0,175.0,23,28.9243,0.0716,0.2849,low,0
771,35,5244,5393,175.0,180.0,16,26.109,0.3213,0.1557,low,0
771,36,5394,5543,180.0,185.0,12,17.3865,0.4942,0.2622,low,0
771,37,5544,5693,185.0,190.0,12,18.174,0.5036,0.2495,low,0
771,38,5694,5843,190.0,195.0,13,11.2105,0.5329,0.3957,medium,1
771,39,5844,5993,195.0,200.0,15,8.77,0.2689,0.4398,medium,1
771,40,5994,6142,200.0,205.0,18,14.9185,0.3801,0.4261,medium,1
771,41,6143,6292,205.0,210.0,20,15.0859,0.4072,0.4802,medium,1
771,42,6293,6442,210.0,215.0,22,16.3051,0.4128,0.5105,medium,1
771,43,6443,6592,215.0,220.0,22,15.3482,0.4825,0.5422,medium,1
771,44,6593,6742,220.0,225.0,19,8.7404,0.6121,0.6125,medium,1
771,45,6743,6892,225.0,230.0,23,10.155,0.6289,0.6933,high,2
771,46,6893,7041,230.0,235.0,20,7.1642,0.7405,0.6932,high,2
771,47,7042,7191,235.0,240.0,18,3.6059,0.8494,0.711,high,2
771,48,7192,7341,240.0,245.0,19,3.9447,0.8758,0.7422,high,2
771,49,7342,7491,245.0,250.0,18,2.2858,0.7694,0.695,high,2
771,50,7492,7641,250.0,255.0,20,8.3239,0.3621,0.5961,medium,1
771,51,7642,7791,255.0,260.0,20,16.026,0.2939,0.4401,medium,1
775,0,0,148,0.0,5.0,22,3.6968,0.6625,0.6452,medium,1
775,1,149,298,5.0,10.0,22,14.6761,0.2517,0.3203,low,0
775,2,299,448,10.0,15.0,24,21.4313,0.2408,0.2174,low,0
775,3,449,598,15.0,20.0,28,24.4945,0.2995,0.3416,medium,1
775,4,599,748,20.0,25.0,24,21.6247,0.38,0.245,low,0
775,5,749,898,25.0,30.0,18,15.0382,0.5263,0.2541,low,0
775,6,899,1047,30.0,35.0,14,9.1161,0.6091,0.4085,medium,1
775,7,1048,1197,35.0,40.0,15,6.4551,0.5855,0.4656,medium,1
775,8,1198,1347,40.0,45.0,20,7.3531,0.5637,0.4967,medium,1
775,9,1348,1497,45.0,50.0,21,10.1637,0.49,0.4448,medium,1
775,10,1498,1647,50.0,55.0,24,9.726,0.5681,0.5551,medium,1
775,11,1648,1797,55.0,60.0,28,13.6253,0.3577,0.535,medium,1
775,12,1798,1947,60.0,65.0,37,18.2671,0.3151,0.5368,medium,1
775,13,1948,2096,65.0,70.0,36,13.0919,0.4555,0.6853,high,2
775,14,2097,2246,70.0,75.0,32,10.7818,0.5334,0.7489,high,2
775,15,2247,2396,75.0,80.0,32,8.8123,0.576,0.8033,high,2
775,16,2397,2546,80.0,85.0,29,6.4279,0.6791,0.7948,high,2
775,17,2547,2696,85.0,90.0,30,6.7921,0.6676,0.8122,high,2
775,18,2697,2846,90.0,95.0,29,4.6804,0.6553,0.8307,high,2
775,19,2847,2996,95.0,100.0,29,5.808,0.5894,0.7913,high,2
775,20,2997,3145,100.0,105.0,30,5.8062,0.529,0.8075,high,2
775,21,3146,3295,105.0,110.0,30,14.6178,0.2063,0.538,medium,1
775,22,3296,3445,110.0,115.0,31,21.5085,0.2374,0.4137,medium,1
775,23,3446,3595,115.0,120.0,27,20.4301,0.3756,0.3521,medium,1
775,24,3596,3745,120.0,125.0,22,17.3603,0.4857,0.3047,low,0
775,25,3746,3895,125.0,130.0,19,11.5624,0.6273,0.3834,medium,1
775,26,3896,4044,130.0,135.0,22,14.7835,0.5542,0.3783,medium,1
775,27,4045,4194,135.0,140.0,21,9.5323,0.473,0.4561,medium,1
775,28,4195,4344,140.0,145.0,20,8.8195,0.4439,0.4387,medium,1
775,29,4345,4494,145.0,150.0,24,12.1182,0.4563,0.4771,medium,1
775,30,4495,4644,150.0,155.0,23,13.1295,0.5457,0.4433,medium,1
775,31,4645,4794,155.0,160.0,26,9.3707,0.4054,0.5871,medium,1
775,32,4795,4944,160.0,165.0,31,15.6775,0.3865,0.5775,medium,1
775,33,4945,5093,165.0,170.0,30,12.3388,0.5314,0.656,medium,1
775,34,5094,5243,170.0,175.0,24,6.3044,0.6554,0.6521,medium,1
775,35,5244,5393,175.0,180.0,25,8.2493,0.6025,0.6245,medium,1
775,36,5394,5543,180.0,185.0,23,7.087,0.7578,0.6262,medium,1
775,37,5544,5693,185.0,190.0,21,5.7553,0.82,0.6133,medium,1
775,38,5694,5843,190.0,195.0,21,4.2,0.673,0.6191,medium,1
775,39,5844,5993,195.0,200.0,23,11.5137,0.372,0.4461,medium,1
775,40,5994,6142,200.0,205.0,27,16.0868,0.3021,0.4384,medium,1
775,41,6143,6292,205.0,210.0,30,16.1967,0.2362,0.5072,medium,1
775,42,6293,6442,210.0,215.0,34,16.1892,0.2578,0.5737,medium,1
775,43,6443,6592,215.0,220.0,32,12.2576,0.2948,0.6669,medium,1
775,44,6593,6742,220.0,225.0,30,10.7586,0.4051,0.6675,medium,1
775,45,6743,6892,225.0,230.0,29,12.8887,0.4533,0.5994,medium,1
775,46,6893,7041,230.0,235.0,24,13.1937,0.3559,0.432,medium,1
775,47,7042,7191,235.0,240.0,23,11.4958,0.4047,0.4531,medium,1
775,48,7192,7341,240.0,245.0,23,14.211,0.2899,0.367,medium,1
775,49,7342,7491,245.0,250.0,25,13.8013,0.4178,0.4584,medium,1
775,50,7492,7641,250.0,255.0,23,12.3669,0.4964,0.4511,medium,1
775,51,7642,7791,255.0,260.0,22,14.3249,0.3691,0.352,medium,1
775,52,7792,7941,260.0,265.0,28,17.6354,0.3929,0.4487,medium,1
775,53,7942,8090,265.0,270.0,30,14.8759,0.3858,0.5678,medium,1
775,54,8091,8240,270.0,275.0,29,12.1051,0.4519,0.6173,medium,1
775,55,8241,8390,275.0,280.0,28,9.6079,0.6914,0.6952,high,2
775,56,8391,8540,280.0,285.0,25,8.6991,0.7647,0.6465,medium,1
775,57,8541,8690,285.0,290.0,21,4.2471,0.712,0.6268,medium,1
775,58,8691,8840,290.0,295.0,18,4.1281,0.6667,0.5333,medium,1
776,0,0,148,0.0,5.0,23,6.1512,0.5935,0.706,high,2
776,1,149,298,5.0,10.0,27,12.3435,0.4327,0.6525,medium,1
776,2,299,448,10.0,15.0,26,15.7633,0.3572,0.5406,medium,1
776,3,449,598,15.0,20.0,26,21.6721,0.2517,0.398,medium,1
776,4,599,748,20.0,25.0,22,19.2149,0.4718,0.3866,medium,1
776,5,749,898,25.0,30.0,16,16.0642,0.4992,0.2979,low,0
776,6,899,1047,30.0,35.0,17,14.8187,0.5458,0.3593,medium,1
776,7,1048,1197,35.0,40.0,13,15.4562,0.6526,0.2881,low,0
776,8,1198,1347,40.0,45.0,14,12.0385,0.6382,0.3555,medium,1
776,9,1348,1497,45.0,50.0,12,6.2634,0.5595,0.4585,medium,1
776,10,1498,1647,50.0,55.0,17,17.9187,0.3846,0.2633,low,0
776,11,1648,1797,55.0,60.0,18,18.5653,0.3229,0.2642,low,0
776,12,1798,1947,60.0,65.0,14,13.7235,0.2811,0.2494,low,0
776,13,1948,2096,65.0,70.0,20,21.346,0.3435,0.2641,low,0
776,14,2097,2246,70.0,75.0,23,19.23,0.352,0.3888,medium,1
776,15,2247,2396,75.0,80.0,25,18.8278,0.4169,0.463,medium,1
776,16,2397,2546,80.0,85.0,30,13.4573,0.4174,0.6821,high,2
776,17,2547,2696,85.0,90.0,33,12.4827,0.4727,0.7132,high,2
776,18,2697,2846,90.0,95.0,29,5.8932,0.6004,0.8716,high,2
776,19,2847,2996,95.0,100.0,27,4.8346,0.6744,0.8552,high,2
776,20,2997,3145,100.0,105.0,28,9.6272,0.3434,0.717,high,2
776,21,3146,3295,105.0,110.0,27,18.2559,0.1032,0.465,medium,1
776,22,3296,3445,110.0,115.0,24,19.7644,0.2786,0.3896,medium,1
776,23,3446,3595,115.0,120.0,27,18.7968,0.262,0.4856,medium,1
776,24,3596,3745,120.0,125.0,23,17.8884,0.3123,0.4084,medium,1
776,25,3746,3895,125.0,130.0,25,15.47,0.3227,0.5132,medium,1
776,26,3896,4044,130.0,135.0,25,16.7918,0.3757,0.4966,medium,1
776,27,4045,4194,135.0,140.0,22,15.9219,0.4397,0.4478,medium,1
776,28,4195,4344,140.0,145.0,19,10.6075,0.4018,0.4701,medium,1
776,29,4345,4494,145.0,150.0,22,12.2824,0.5143,0.5376,medium,1
776,30,4495,4644,150.0,155.0,25,14.1467,0.4739,0.5707,medium,1
776,31,4645,4794,155.0,160.0,25,10.4197,0.3722,0.627,medium,1
776,32,4795,4944,160.0,165.0,26,11.1925,0.4126,0.6456,medium,1
776,33,4945,5093,165.0,170.0,25,12.1533,0.4947,0.6158,medium,1
776,34,5094,5243,170.0,175.0,24,8.4619,0.6691,0.7001,high,2
776,35,5244,5393,175.0,180.0,23,7.8781,0.6839,0.6886,high,2
776,36,5394,5543,180.0,185.0,24,6.6944,0.6375,0.7301,high,2
776,37,5544,5693,185.0,190.0,23,3.6165,0.8253,0.8035,high,2
776,38,5694,5843,190.0,195.0,25,2.4985,0.771,0.8456,high,2
776,39,5844,5993,195.0,200.0,27,3.4009,0.8468,0.9137,high,2
776,40,5994,6142,200.0,205.0,29,3.6708,0.7131,0.9399,high,2
776,41,6143,6292,205.0,210.0,29,7.8121,0.6006,0.8322,high,2
776,42,6293,6442,210.0,215.0,30,8.5877,0.3525,0.7693,high,2
776,43,6443,6592,215.0,220.0,27,23.5845,0.1179,0.368,medium,1
776,44,6593,6742,220.0,225.0,25,32.5256,0.1484,0.3211,low,0
776,45,6743,6892,225.0,230.0,17,33.0035,0.2535,0.1302,low,0
776,46,6893,7041,230.0,235.0,14,20.9746,0.2659,0.0973,low,0
776,47,7042,7191,235.0,240.0,14,23.0675,0.2285,0.0468,low,0
776,48,7192,7341,240.0,245.0,19,15.8358,0.316,0.3454,medium,1
776,49,7342,7491,245.0,250.0,19,11.9185,0.2163,0.406,medium,1
776,50,7492,7641,250.0,255.0,24,16.3501,0.1323,0.4305,medium,1
776,51,7642,7791,255.0,260.0,28,13.7947,0.3116,0.6249,medium,1
776,52,7792,7941,260.0,265.0,26,10.9744,0.5436,0.6763,high,2
776,53,7942,8090,265.0,270.0,20,4.9599,0.6935,0.671,high,2
776,54,8091,8240,270.0,275.0,20,6.0942,0.4749,0.604,medium,1
776,55,8241,8390,275.0,280.0,23,7.0418,0.4865,0.6663,medium,1
776,56,8391,8540,280.0,285.0,26,8.2974,0.5129,0.7252,high,2
776,57,8541,8690,285.0,290.0,26,8.0973,0.5517,0.7371,high,2
776,58,8691,8840,290.0,295.0,23,7.2047,0.6316,0.692,high,2
777,0,0,148,0.0,5.0,33,5.7306,0.5759,0.9029,high,2
777,1,149,298,5.0,10.0,36,6.299,0.6381,0.9002,high,2
777,2,299,448,10.0,15.0,31,5.333,0.6009,0.8653,high,2
777,3,449,598,15.0,20.0,31,5.2735,0.6667,0.88,high,2
777,4,599,748,20.0,25.0,28,10.0681,0.3607,0.6104,medium,1
777,5,749,898,25.0,30.0,33,20.4692,0.2319,0.4464,medium,1
777,6,899,1047,30.0,35.0,32,22.0942,0.3328,0.4399,medium,1
777,7,1048,1197,35.0,40.0,27,18.3666,0.4068,0.3708,medium,1
777,8,1198,1347,40.0,45.0,24,14.6949,0.4293,0.3936,medium,1
777,9,1348,1497,45.0,50.0,18,12.6388,0.4421,0.2912,low,0
777,10,1498,1647,50.0,55.0,16,6.9159,0.6735,0.4907,medium,1
777,11,1648,1797,55.0,60.0,18,8.7218,0.2929,0.3663,medium,1
777,12,1798,1947,60.0,65.0,21,17.7098,0.2899,0.205,low,0
777,13,1948,2096,65.0,70.0,19,16.926,0.2703,0.1687,low,0
777,14,2097,2246,70.0,75.0,19,19.5555,0.2558,0.0954,low,0
777,15,2247,2396,75.0,80.0,19,19.6471,0.2688,0.0956,low,0
777,16,2397,2546,80.0,85.0,24,16.8657,0.3978,0.3292,low,0
777,17,2547,2696,85.0,90.0,22,10.7304,0.4329,0.4471,medium,1
777,18,2697,2846,90.0,95.0,27,8.1707,0.4208,0.6466,medium,1
777,19,2847,2996,95.0,100.0,25,8.1974,0.5129,0.611,medium,1
777,20,2997,3145,100.0,105.0,27,6.879,0.6553,0.7281,high,2
777,21,3146,3295,105.0,110.0,25,5.1504,0.6809,0.7228,high,2
777,22,3296,3445,110.0,115.0,25,6.315,0.3885,0.6365,medium,1
777,23,3446,3595,115.0,120.0,25,13.4689,0.4233,0.4519,medium,1
777,24,3596,3745,120.0,125.0,22,15.9809,0.2463,0.2692,low,0
777,25,3746,3895,125.0,130.0,23,20.2131,0.2747,0.1883,low,0
777,26,3896,4044,130.0,135.0,23,19.8827,0.3273,0.2076,low,0
777,27,4045,4194,135.0,140.0,28,19.1977,0.403,0.3745,medium,1
777,28,4195,4344,140.0,145.0,31,18.5088,0.4008,0.4725,medium,1
777,29,4345,4494,145.0,150.0,30,18.6663,0.4524,0.4519,medium,1
777,30,4495,4644,150.0,155.0,26,11.076,0.5423,0.5664,medium,1
777,31,4645,4794,155.0,160.0,24,7.4058,0.5181,0.6065,medium,1
777,32,4795,4944,160.0,165.0,19,8.6043,0.5678,0.451,medium,1
777,33,4945,5093,165.0,170.0,19,7.2744,0.7193,0.517,medium,1
777,34,5094,5243,170.0,175.0,19,4.9679,0.5831,0.5433,medium,1
777,35,5244,5393,175.0,180.0,26,15.6632,0.4272,0.4206,medium,1
777,36,5394,5543,180.0,185.0,28,16.5058,0.3897,0.4439,medium,1
777,37,5544,5693,185.0,190.0,24,13.2056,0.5312,0.4539,medium,1
777,38,5694,5843,190.0,195.0,18,9.4622,0.8312,0.4541,medium,1
777,39,5844,5993,195.0,200.0,18,11.5335,0.7887,0.3901,medium,1
777,40,5994,6142,200.0,205.0,16,14.2834,0.7303,0.3048,low,0
778,0,0,148,0.0,5.0,29,7.6098,0.5424,0.8553,high,2
778,1,149,298,5.0,10.0,28,7.1357,0.5088,0.86,high,2
778,2,299,448,10.0,15.0,28,4.9784,0.6219,0.9244,high,2
778,3,449,598,15.0,20.0,28,6.9814,0.7167,0.9054,high,2
778,4,599,748,20.0,25.0,27,2.0092,0.8544,0.9401,high,2
778,5,749,898,25.0,30.0,27,5.4606,0.5794,0.8839,high,2
778,6,899,1047,30.0,35.0,28,8.4222,0.5443,0.836,high,2
778,7,1048,1197,35.0,40.0,28,9.9232,0.2236,0.7355,high,2
778,8,1198,1347,40.0,45.0,26,21.3596,0.1855,0.3895,medium,1
778,9,1348,1497,45.0,50.0,23,18.8514,0.3632,0.3935,medium,1
778,10,1498,1647,50.0,55.0,18,14.9116,0.3744,0.3372,medium,1
778,11,1648,1797,55.0,60.0,20,13.7621,0.3819,0.4281,medium,1
778,12,1798,1947,60.0,65.0,17,16.1247,0.408,0.2838,low,0
778,13,1948,2096,65.0,70.0,15,15.7327,0.36,0.2222,low,0
778,14,2097,2246,70.0,75.0,15,11.1252,0.3362,0.3289,low,0
778,15,2247,2396,75.0,80.0,15,16.2448,0.2516,0.1881,low,0
778,16,2397,2546,80.0,85.0,15,18.4664,0.3684,0.1577,low,0
778,17,2547,2696,85.0,90.0,15,12.8207,0.4253,0.3057,low,0
778,18,2697,2846,90.0,95.0,15,15.4899,0.3115,0.2183,low,0
778,19,2847,2996,95.0,100.0,18,20.339,0.3387,0.1987,low,0
778,20,2997,3145,100.0,105.0,17,18.3293,0.4148,0.2318,low,0
778,21,3146,3295,105.0,110.0,16,12.3697,0.3934,0.341,medium,1
778,22,3296,3445,110.0,115.0,17,9.4296,0.5403,0.4723,medium,1
778,23,3446,3595,115.0,120.0,19,8.0515,0.6712,0.5934,medium,1
778,24,3596,3745,120.0,125.0,20,6.7445,0.5601,0.6336,medium,1
778,25,3746,3895,125.0,130.0,21,9.17,0.3745,0.5686,medium,1
778,26,3896,4044,130.0,135.0,21,14.5245,0.3667,0.4374,medium,1
778,27,4045,4194,135.0,140.0,20,14.5024,0.2108,0.376,medium,1
778,28,4195,4344,140.0,145.0,21,22.966,0.1363,0.2119,low,0
778,29,4345,4494,145.0,150.0,20,25.0222,0.2268,0.1992,low,0
778,30,4495,4644,150.0,155.0,25,21.8212,0.2505,0.3606,medium,1
778,31,4645,4794,155.0,160.0,22,15.3434,0.3451,0.444,medium,1
778,32,4795,4944,160.0,165.0,22,13.583,0.4044,0.4985,medium,1
778,33,4945,5093,165.0,170.0,19,11.4306,0.4506,0.4675,medium,1
778,34,5094,5243,170.0,175.0,15,6.3621,0.483,0.4736,medium,1
778,35,5244,5393,175.0,180.0,17,12.5323,0.5244,0.3941,medium,1
778,36,5394,5543,180.0,185.0,19,11.6071,0.464,0.4659,medium,1
778,37,5544,5693,185.0,190.0,22,17.7218,0.2557,0.3685,medium,1
778,38,5694,5843,190.0,195.0,22,16.8573,0.3137,0.4011,medium,1
778,39,5844,5993,195.0,200.0,21,12.4787,0.4405,0.5017,medium,1
778,40,5994,6142,200.0,205.0,20,10.7023,0.5974,0.5453,medium,1
778,41,6143,6292,205.0,210.0,22,9.914,0.503,0.607,medium,1
778,42,6293,6442,210.0,215.0,24,8.7752,0.4787,0.6913,high,2
778,43,6443,6592,215.0,220.0,22,6.531,0.5953,0.7074,high,2
778,44,6593,6742,220.0,225.0,20,3.2148,0.8409,0.722,high,2
778,45,6743,6892,225.0,230.0,20,6.8728,0.4661,0.6117,medium,1
778,46,6893,7041,230.0,235.0,25,17.1842,0.3821,0.4991,medium,1
778,47,7042,7191,235.0,240.0,23,16.2164,0.2585,0.4363,medium,1
778,48,7192,7341,240.0,245.0,17,16.9247,0.3159,0.246,low,0
778,49,7342,7491,245.0,250.0,18,19.5383,0.3975,0.2298,low,0
778,50,7492,7641,250.0,255.0,15,16.8524,0.4506,0.2132,low,0
778,51,7642,7791,255.0,260.0,18,17.9533,0.4353,0.2758,low,0
778,52,7792,7941,260.0,265.0,22,23.999,0.2963,0.2746,low,0
778,53,7942,8090,265.0,270.0,21,16.699,0.319,0.3752,medium,1
778,54,8091,8240,270.0,275.0,16,9.4113,0.3913,0.4122,medium,1
778,55,8241,8390,275.0,280.0,18,10.0725,0.5075,0.481,medium,1
778,56,8391,8540,280.0,285.0,19,11.8865,0.6075,0.4878,medium,1
778,57,8541,8690,285.0,290.0,16,9.5607,0.4876,0.4279,medium,1
778,58,8691,8840,290.0,295.0,13,9.567,0.3846,0.3763,medium,1
779,0,0,148,0.0,5.0,35,16.3213,0.3002,0.5981,medium,1
779,1,149,298,5.0,10.0,45,15.3595,0.3888,0.6383,medium,1
779,2,299,448,10.0,15.0,38,11.4476,0.535,0.752,high,2
779,3,449,598,15.0,20.0,36,9.1827,0.6478,0.8235,high,2
779,4,599,748,20.0,25.0,32,6.8581,0.5972,0.8104,high,2
779,5,749,898,25.0,30.0,28,8.0102,0.583,0.714,high,2
779,6,899,1047,30.0,35.0,25,8.6595,0.5919,0.6502,medium,1
779,7,1048,1197,35.0,40.0,25,8.7902,0.453,0.6196,medium,1
779,8,1198,1347,40.0,45.0,25,15.3799,0.455,0.4777,medium,1
779,9,1348,1497,45.0,50.0,24,20.4398,0.2953,0.3194,low,0
779,10,1498,1647,50.0,55.0,22,24.7529,0.2472,0.2245,low,0
779,11,1648,1797,55.0,60.0,17,15.9922,0.4834,0.3329,medium,1
779,12,1798,1947,60.0,65.0,15,14.4734,0.6579,0.3662,medium,1
779,13,1948,2096,65.0,70.0,17,16.4772,0.586,0.3429,medium,1
779,14,2097,2246,70.0,75.0,21,19.7243,0.4839,0.321,low,0
779,15,2247,2396,75.0,80.0,18,9.129,0.5598,0.5135,medium,1
779,16,2397,2546,80.0,85.0,18,9.9048,0.4681,0.4784,medium,1
779,17,2547,2696,85.0,90.0,20,13.9872,0.4629,0.4236,medium,1
779,18,2697,2846,90.0,95.0,18,12.0051,0.5582,0.4511,medium,1
779,19,2847,2996,95.0,100.0,17,9.682,0.4458,0.4616,medium,1
779,20,2997,3145,100.0,105.0,26,16.7877,0.2836,0.4302,medium,1
779,21,3146,3295,105.0,110.0,31,17.1507,0.3452,0.5205,medium,1
779,22,3296,3445,110.0,115.0,26,11.5969,0.5153,0.5887,medium,1
779,23,3446,3595,115.0,120.0,22,10.9391,0.5323,0.5376,medium,1
779,24,3596,3745,120.0,125.0,19,10.0728,0.6307,0.5245,medium,1
779,25,3746,3895,125.0,130.0,17,7.2912,0.6905,0.5622,medium,1
779,26,3896,4044,130.0,135.0,20,8.4224,0.5192,0.555,medium,1
779,27,4045,4194,135.0,140.0,22,12.1139,0.4193,0.4896,medium,1
779,28,4195,4344,140.0,145.0,20,17.8049,0.4506,0.3387,medium,1
779,29,4345,4494,145.0,150.0,19,20.5231,0.2073,0.2141,low,0
779,30,4495,4644,150.0,155.0,13,20.5926,0.4394,0.156,low,0
779,31,4645,4794,155.0,160.0,10,12.7843,0.7591,0.368,medium,1
779,32,4795,4944,160.0,165.0,12,22.83,0.5887,0.1212,low,0
779,33,4945,5093,165.0,170.0,13,19.3954,0.4895,0.1919,low,0
779,34,5094,5243,170.0,175.0,14,16.7052,0.4861,0.2665,low,0
779,35,5244,5393,175.0,180.0,14,12.0801,0.4925,0.3677,medium,1
779,36,5394,5543,180.0,185.0,17,13.5317,0.2991,0.3491,medium,1
779,37,5544,5693,185.0,190.0,23,20.011,0.34,0.3204,low,0
779,38,5694,5843,190.0,195.0,18,14.3657,0.4663,0.3817,medium,1
779,39,5844,5993,195.0,200.0,19,16.247,0.308,0.3266,low,0
779,40,5994,6142,200.0,205.0,25,18.2339,0.2535,0.3758,medium,1
779,41,6143,6292,205.0,210.0,25,15.7904,0.2899,0.4359,medium,1
779,42,6293,6442,210.0,215.0,27,8.7793,0.4213,0.6479,medium,1
779,43,6443,6592,215.0,220.0,27,8.3402,0.6182,0.6967,high,2
779,44,6593,6742,220.0,225.0,24,4.6428,0.7769,0.7568,high,2
779,45,6743,6892,225.0,230.0,25,4.1882,0.7516,0.7769,high,2
779,46,6893,7041,230.0,235.0,25,2.5177,0.7849,0.7836,high,2
779,47,7042,7191,235.0,240.0,24,5.0256,0.7373,0.7406,high,2
779,48,7192,7341,240.0,245.0,26,4.2812,0.6919,0.782,high,2
779,49,7342,7491,245.0,250.0,29,11.9174,0.2444,0.5791,medium,1
779,50,7492,7641,250.0,255.0,29,22.7914,0.1779,0.3309,medium,1
779,51,7642,7791,255.0,260.0,27,23.6987,0.2785,0.3166,low,0
779,52,7792,7941,260.0,265.0,20,18.9314,0.3676,0.2977,low,0
779,53,7942,8090,265.0,270.0,15,18.3763,0.4974,0.2498,low,0
779,54,8091,8240,270.0,275.0,9,13.2297,0.742,0.355,medium,1
779,55,8241,8390,275.0,280.0,7,0.803,0.9136,0.5827,medium,1
779,56,8391,8540,280.0,285.0,14,13.694,0.1647,0.2672,low,0
779,57,8541,8690,285.0,290.0,17,22.2258,0.102,0.122,low,0
779,58,8691,8840,290.0,295.0,14,21.7079,0.2229,0.1058,low,0
780,0,0,148,0.0,5.0,13,16.1252,0.2655,0.2232,low,0
780,1,149,298,5.0,10.0,18,13.4397,0.3015,0.385,medium,1
780,2,299,448,10.0,15.0,25,14.1829,0.3091,0.5082,medium,1
780,3,449,598,15.0,20.0,25,13.7669,0.3997,0.535,medium,1
780,4,599,748,20.0,25.0,24,6.6915,0.606,0.7057,high,2
780,5,749,898,25.0,30.0,24,8.0556,0.5489,0.6656,medium,1
780,6,899,1047,30.0,35.0,25,7.5086,0.6375,0.7144,high,2
780,7,1048,1197,35.0,40.0,22,5.3477,0.6405,0.7017,high,2
780,8,1198,1347,40.0,45.0,25,3.136,0.6665,0.7764,high,2
780,9,1348,1497,45.0,50.0,26,9.1397,0.4296,0.6581,medium,1
780,10,1498,1647,50.0,55.0,28,10.5125,0.4513,0.6727,high,2
780,11,1648,1797,55.0,60.0,27,14.3781,0.3018,0.5418,medium,1
780,12,1798,1947,60.0,65.0,27,18.668,0.3166,0.4544,medium,1
780,13,1948,2096,65.0,70.0,23,15.6862,0.4087,0.4572,medium,1
780,14,2097,2246,70.0,75.0,23,17.1022,0.4181,0.4293,medium,1
780,15,2247,2396,75.0,80.0,25,23.9764,0.4772,0.3386,medium,1
780,16,2397,2546,80.0,85.0,26,21.0418,0.4529,0.4121,medium,1
780,17,2547,2696,85.0,90.0,23,10.7837,0.3964,0.558,medium,1
780,18,2697,2846,90.0,95.0,23,7.9512,0.5036,0.6391,medium,1
780,19,2847,2996,95.0,100.0,25,10.117,0.584,0.6488,medium,1
780,20,2997,3145,100.0,105.0,24,8.3987,0.6427,0.6771,high,2
780,21,3146,3295,105.0,110.0,26,11.8188,0.4325,0.6022,medium,1
780,22,3296,3445,110.0,115.0,34,16.0002,0.4244,0.6498,medium,1
780,23,3446,3595,115.0,120.0,33,15.7272,0.421,0.6549,medium,1
780,24,3596,3745,120.0,125.0,29,10.9717,0.5201,0.6964,high,2
780,25,3746,3895,125.0,130.0,28,9.1048,0.5613,0.7244,high,2
780,26,3896,4044,130.0,135.0,26,8.3194,0.5215,0.6938,high,2
780,27,4045,4194,135.0,140.0,25,7.6382,0.597,0.7036,high,2
780,28,4195,4344,140.0,145.0,23,6.8262,0.5863,0.6793,high,2
780,29,4345,4494,145.0,150.0,24,12.4271,0.5072,0.5652,medium,1
780,30,4495,4644,150.0,155.0,22,12.5951,0.4241,0.5058,medium,1
780,31,4645,4794,155.0,160.0,18,19.3658,0.1359,0.2271,low,0
780,32,4795,4944,160.0,165.0,19,23.9641,0.1451,0.1545,low,0
780,33,4945,5093,165.0,170.0,15,19.5344,0.3168,0.2009,low,0
780,34,5094,5243,170.0,175.0,13,22.5336,0.3151,0.0982,low,0
780,35,5244,5393,175.0,180.0,12,23.3596,0.3322,0.0764,low,0
780,36,5394,5543,180.0,185.0,11,11.0533,0.5369,0.3765,medium,1
780,37,5544,5693,185.0,190.0,10,6.2146,0.6514,0.5013,medium,1
780,38,5694,5843,190.0,195.0,16,15.4878,0.3198,0.3063,low,0
780,39,5844,5993,195.0,200.0,19,15.2411,0.3609,0.3786,medium,1
780,40,5994,6142,200.0,205.0,19,10.5288,0.525,0.5107,medium,1
780,41,6143,6292,205.0,210.0,18,12.4397,0.2722,0.4002,medium,1
780,42,6293,6442,210.0,215.0,23,16.5887,0.3295,0.4224,medium,1
780,43,6443,6592,215.0,220.0,27,14.2204,0.4107,0.5669,medium,1
780,44,6593,6742,220.0,225.0,33,13.4302,0.5221,0.7235,high,2
780,45,6743,6892,225.0,230.0,34,11.1083,0.5825,0.7845,high,2
780,46,6893,7041,230.0,235.0,33,8.1239,0.6236,0.8555,high,2
780,47,7042,7191,235.0,240.0,27,4.078,0.7342,0.8292,high,2
780,48,7192,7341,240.0,245.0,26,2.9312,0.615,0.7857,high,2
780,49,7342,7491,245.0,250.0,27,11.1938,0.3607,0.6207,medium,1
780,50,7492,7641,250.0,255.0,25,15.7714,0.3109,0.4751,medium,1
780,51,7642,7791,255.0,260.0,22,23.7416,0.0566,0.1975,low,0
780,52,7792,7941,260.0,265.0,15,28.8648,0.0646,0.06,low,0
781,0,0,148,0.0,5.0,30,5.4302,0.6115,0.7096,high,2
781,1,149,298,5.0,10.0,32,5.4916,0.4895,0.7302,high,2
781,2,299,448,10.0,15.0,34,13.8199,0.2517,0.5577,medium,1
781,3,449,598,15.0,20.0,38,19.314,0.2553,0.5379,medium,1
781,4,599,748,20.0,25.0,32,20.662,0.3317,0.3868,medium,1
781,5,749,898,25.0,30.0,30,17.9581,0.4533,0.4204,medium,1
781,6,899,1047,30.0,35.0,23,17.7907,0.4216,0.2557,low,0
781,7,1048,1197,35.0,40.0,23,17.6388,0.4227,0.259,low,0
781,8,1198,1347,40.0,45.0,24,8.4226,0.4838,0.4838,medium,1
781,9,1348,1497,45.0,50.0,28,8.9614,0.4799,0.5644,medium,1
781,10,1498,1647,50.0,55.0,31,9.803,0.4871,0.6179,medium,1
781,11,1648,1797,55.0,60.0,29,5.4301,0.6201,0.6882,high,2
781,12,1798,1947,60.0,65.0,34,6.1962,0.5379,0.7716,high,2
781,13,1948,2096,65.0,70.0,42,9.7168,0.5573,0.8002,high,2
781,14,2097,2246,70.0,75.0,41,8.961,0.6262,0.8296,high,2
781,15,2247,2396,75.0,80.0,37,6.7766,0.7704,0.8756,high,2
781,16,2397,2546,80.0,85.0,38,4.2747,0.7859,0.9526,high,2
781,17,2547,2696,85.0,90.0,40,5.6486,0.713,0.915,high,2
781,18,2697,2846,90.0,95.0,38,3.7283,0.7531,0.946,high,2
781,19,2847,2996,95.0,100.0,32,3.7472,0.7682,0.8103,high,2
781,20,2997,3145,100.0,105.0,33,4.3099,0.7163,0.823,high,2
781,21,3146,3295,105.0,110.0,31,5.3786,0.5051,0.7125,high,2
781,22,3296,3445,110.0,115.0,31,15.1549,0.1576,0.442,medium,1
781,23,3446,3595,115.0,120.0,37,23.731,0.1793,0.4088,medium,1
781,24,3596,3745,120.0,125.0,34,25.5007,0.2326,0.3494,medium,1
781,25,3746,3895,125.0,130.0,34,25.9277,0.2675,0.3564,medium,1
781,26,3896,4044,130.0,135.0,28,24.06,0.2305,0.2103,low,0
781,27,4045,4194,135.0,140.0,23,18.3533,0.2757,0.2149,low,0
781,28,4195,4344,140.0,145.0,19,11.1234,0.3092,0.3217,low,0
781,29,4345,4494,145.0,150.0,24,14.1951,0.1741,0.3032,low,0
781,30,4495,4644,150.0,155.0,25,16.7495,0.3498,0.309,low,0
781,31,4645,4794,155.0,160.0,23,14.4395,0.4732,0.3349,medium,1
781,32,4795,4944,160.0,165.0,25,13.502,0.521,0.41,medium,1
781,33,4945,5093,165.0,170.0,26,12.7844,0.5,0.4436,medium,1
781,34,5094,5243,170.0,175.0,26,9.9994,0.4318,0.4872,medium,1
781,35,5244,5393,175.0,180.0,30,9.5361,0.4465,0.5922,medium,1
781,36,5394,5543,180.0,185.0,33,7.9211,0.6348,0.7324,high,2
781,37,5544,5693,185.0,190.0,31,4.6662,0.6857,0.7633,high,2
781,38,5694,5843,190.0,195.0,30,5.5752,0.7079,0.7259,high,2
781,39,5844,5993,195.0,200.0,31,6.1039,0.5645,0.7095,high,2
781,40,5994,6142,200.0,205.0,29,10.9719,0.4381,0.5379,medium,1
781,41,6143,6292,205.0,210.0,31,14.0264,0.4097,0.5156,medium,1
781,42,6293,6442,210.0,215.0,30,17.9703,0.1806,0.3656,medium,1
781,43,6443,6592,215.0,220.0,28,23.161,0.2302,0.2226,low,0
781,44,6593,6742,220.0,225.0,25,22.7262,0.325,0.1811,low,0
781,45,6743,6892,225.0,230.0,27,22.3652,0.3302,0.2358,low,0
781,46,6893,7041,230.0,235.0,29,16.7319,0.3725,0.4063,medium,1
781,47,7042,7191,235.0,240.0,26,16.2795,0.4462,0.361,medium,1
781,48,7192,7341,240.0,245.0,22,8.4633,0.4998,0.4399,medium,1
781,49,7342,7491,245.0,250.0,21,11.9176,0.4029,0.3264,low,0
781,50,7492,7641,250.0,255.0,25,15.5775,0.436,0.3503,medium,1
781,51,7642,7791,255.0,260.0,20,11.4234,0.5939,0.3725,medium,1
781,52,7792,7941,260.0,265.0,19,11.1236,0.4849,0.3568,medium,1
781,53,7942,8090,265.0,270.0,27,16.0175,0.4014,0.3806,medium,1
781,54,8091,8240,270.0,275.0,29,13.8664,0.4567,0.4821,medium,1
781,55,8241,8390,275.0,280.0,28,12.7491,0.4876,0.4881,medium,1
781,56,8391,8540,280.0,285.0,27,10.8663,0.5359,0.5134,medium,1
781,57,8541,8690,285.0,290.0,28,11.5965,0.5875,0.5318,medium,1
781,58,8691,8840,290.0,295.0,21,9.7994,0.621,0.4136,medium,1
782,0,0,148,0.0,5.0,31,6.5605,0.5516,0.8645,high,2
782,1,149,298,5.0,10.0,30,5.6616,0.6098,0.8735,high,2
782,2,299,448,10.0,15.0,29,3.6178,0.743,0.9022,high,2
782,3,449,598,15.0,20.0,26,4.1904,0.6023,0.8078,high,2
782,4,599,748,20.0,25.0,29,17.2097,0.2859,0.5371,medium,1
782,5,749,898,25.0,30.0,36,21.6801,0.3084,0.4915,medium,1
782,6,899,1047,30.0,35.0,28,20.4002,0.3713,0.4632,medium,1
782,7,1048,1197,35.0,40.0,26,15.8593,0.4485,0.5325,medium,1
782,8,1198,1347,40.0,45.0,26,15.3641,0.4794,0.5494,medium,1
782,9,1348,1497,45.0,50.0,26,17.6331,0.4454,0.4936,medium,1
782,10,1498,1647,50.0,55.0,20,10.9993,0.3993,0.4951,medium,1
782,11,1648,1797,55.0,60.0,20,15.2262,0.3385,0.3916,medium,1
782,12,1798,1947,60.0,65.0,21,20.049,0.3093,0.3037,low,0
782,13,1948,2096,65.0,70.0,18,17.2666,0.4348,0.3226,low,0
782,14,2097,2246,70.0,75.0,21,18.9842,0.2281,0.3105,low,0
782,15,2247,2396,75.0,80.0,26,18.583,0.2764,0.4393,medium,1
782,16,2397,2546,80.0,85.0,28,14.6769,0.5165,0.6159,medium,1
782,17,2547,2696,85.0,90.0,25,8.7664,0.6246,0.6989,high,2
782,18,2697,2846,90.0,95.0,32,9.8961,0.6226,0.8089,high,2
782,19,2847,2996,95.0,100.0,32,8.4466,0.5184,0.8193,high,2
782,20,2997,3145,100.0,105.0,28,6.7442,0.5815,0.8002,high,2
782,21,3146,3295,105.0,110.0,29,7.1126,0.3917,0.7764,high,2
782,22,3296,3445,110.0,115.0,29,16.5009,0.1904,0.5334,medium,1
782,23,3446,3595,115.0,120.0,28,22.9725,0.2598,0.3853,medium,1
782,24,3596,3745,120.0,125.0,21,17.8183,0.287,0.3474,medium,1
782,25,3746,3895,125.0,130.0,17,11.0222,0.3635,0.4211,medium,1
782,26,3896,4044,130.0,135.0,12,11.4733,0.4499,0.3403,medium,1
782,27,4045,4194,135.0,140.0,13,11.181,0.3828,0.3332,medium,1
782,28,4195,4344,140.0,145.0,19,14.9071,0.3034,0.3694,medium,1
782,29,4345,4494,145.0,150.0,19,8.0095,0.4248,0.5427,medium,1
782,30,4495,4644,150.0,155.0,19,10.805,0.3409,0.4655,medium,1
782,31,4645,4794,155.0,160.0,21,11.8947,0.5179,0.5216,medium,1
782,32,4795,4944,160.0,165.0,17,5.5547,0.6424,0.595,medium,1
782,33,4945,5093,165.0,170.0,18,4.6717,0.8213,0.672,high,2
782,34,5094,5243,170.0,175.0,21,6.4994,0.7594,0.6864,high,2
782,35,5244,5393,175.0,180.0,27,8.3809,0.6669,0.7599,high,2
782,36,5394,5543,180.0,185.0,31,8.2272,0.607,0.8396,high,2
782,37,5544,5693,185.0,190.0,31,6.1561,0.7248,0.9079,high,2
782,38,5694,5843,190.0,195.0,31,5.4307,0.7593,0.9305,high,2
782,39,5844,5993,195.0,200.0,30,4.6714,0.7064,0.9142,high,2
782,40,5994,6142,200.0,205.0,31,4.577,0.777,0.9524,high,2
782,41,6143,6292,205.0,210.0,30,4.2288,0.5768,0.8911,high,2
782,42,6293,6442,210.0,215.0,29,11.974,0.3948,0.672,high,2
782,43,6443,6592,215.0,220.0,29,16.8308,0.2659,0.5413,medium,1
782,44,6593,6742,220.0,225.0,24,23.8466,0.1562,0.2743,low,0
782,45,6743,6892,225.0,230.0,26,27.6375,0.2087,0.329,low,0
782,46,6893,7041,230.0,235.0,23,25.5988,0.2619,0.2734,low,0
782,47,7042,7191,235.0,240.0,21,18.5162,0.3686,0.3487,medium,1
782,48,7192,7341,240.0,245.0,14,12.0954,0.5552,0.37,medium,1
782,49,7342,7491,245.0,250.0,12,11.127,0.6475,0.3873,medium,1
782,50,7492,7641,250.0,255.0,13,4.7042,0.5333,0.5032,medium,1
782,51,7642,7791,255.0,260.0,20,16.2534,0.3902,0.3798,medium,1
782,52,7792,7941,260.0,265.0,26,11.4312,0.4728,0.633,medium,1
782,53,7942,8090,265.0,270.0,22,9.8125,0.5495,0.595,medium,1
782,54,8091,8240,270.0,275.0,26,14.9602,0.2758,0.5174,medium,1
782,55,8241,8390,275.0,280.0,25,16.7935,0.3496,0.4705,medium,1
782,56,8391,8540,280.0,285.0,17,12.7052,0.408,0.3937,medium,1
782,57,8541,8690,285.0,290.0,17,13.2154,0.6274,0.4265,medium,1
782,58,8691,8840,290.0,295.0,14,13.121,0.6076,0.3583,medium,1
783,0,0,148,0.0,5.0,19,6.5342,0.6047,0.5751,medium,1
783,1,149,298,5.0,10.0,21,7.0351,0.7026,0.6325,medium,1
783,2,299,448,10.0,15.0,22,4.0409,0.7249,0.7097,high,2
783,3,449,598,15.0,20.0,20,5.2481,0.5855,0.6183,medium,1
783,4,599,748,20.0,25.0,23,13.0642,0.4772,0.5243,medium,1
783,5,749,898,25.0,30.0,24,21.5881,0.1606,0.3287,low,0
783,6,899,1047,30.0,35.0,24,26.2301,0.1096,0.2337,low,0
783,7,1048,1197,35.0,40.0,22,21.8082,0.1695,0.2794,low,0
783,8,1198,1347,40.0,45.0,16,14.9314,0.3413,0.2983,low,0
783,9,1348,1497,45.0,50.0,13,13.0767,0.5055,0.3415,medium,1
783,10,1498,1647,50.0,55.0,14,13.0078,0.4505,0.3318,medium,1
783,11,1648,1797,55.0,60.0,16,13.4874,0.5106,0.3586,medium,1
783,12,1798,1947,60.0,65.0,16,9.3813,0.3359,0.3987,medium,1
783,13,1948,2096,65.0,70.0,24,17.1612,0.273,0.4321,medium,1
783,14,2097,2246,70.0,75.0,26,16.107,0.3261,0.5091,medium,1
783,15,2247,2396,75.0,80.0,26,11.8685,0.3753,0.5964,medium,1
783,16,2397,2546,80.0,85.0,25,13.396,0.4058,0.551,medium,1
783,17,2547,2696,85.0,90.0,30,9.4885,0.5342,0.7658,high,2
783,18,2697,2846,90.0,95.0,30,9.0916,0.5588,0.778,high,2
783,19,2847,2996,95.0,100.0,32,7.0123,0.5176,0.8548,high,2
783,20,2997,3145,100.0,105.0,32,6.2721,0.6289,0.8906,high,2
783,21,3146,3295,105.0,110.0,30,5.7417,0.6587,0.8592,high,2
783,22,3296,3445,110.0,115.0,29,3.7151,0.7626,0.8819,high,2
783,23,3446,3595,115.0,120.0,31,4.3457,0.6416,0.9048,high,2
783,24,3596,3745,120.0,125.0,33,6.7858,0.5932,0.874,high,2
783,25,3746,3895,125.0,130.0,29,7.9328,0.3033,0.7245,high,2
783,26,3896,4044,130.0,135.0,29,22.2032,0.1358,0.4302,medium,1
783,27,4045,4194,135.0,140.0,30,27.7818,0.2335,0.3996,medium,1
783,28,4195,4344,140.0,145.0,23,28.2649,0.349,0.258,low,0
783,29,4345,4494,145.0,150.0,21,22.6928,0.3003,0.2659,low,0
783,30,4495,4644,150.0,155.0,17,18.1543,0.4924,0.2931,low,0
783,31,4645,4794,155.0,160.0,15,11.6659,0.5725,0.3807,medium,1
783,32,4795,4944,160.0,165.0,16,9.2262,0.3694,0.4082,medium,1
783,33,4945,5093,165.0,170.0,20,15.1045,0.3469,0.3904,medium,1
783,34,5094,5243,170.0,175.0,19,9.1018,0.5584,0.5189,medium,1
783,35,5244,5393,175.0,180.0,18,6.5204,0.6071,0.5523,medium,1
783,36,5394,5543,180.0,185.0,22,13.2207,0.4573,0.4939,medium,1
783,37,5544,5693,185.0,190.0,23,15.1538,0.4644,0.4836,medium,1
783,38,5694,5843,190.0,195.0,23,13.8215,0.5575,0.5265,medium,1
783,39,5844,5993,195.0,200.0,19,9.688,0.5597,0.5084,medium,1
783,40,5994,6142,200.0,205.0,15,8.0788,0.6,0.4518,medium,1
784,0,0,148,0.0,5.0,19,15.5338,0.5063,0.4311,medium,1
784,1,149,298,5.0,10.0,19,18.0367,0.5122,0.3918,medium,1
784,2,299,448,10.0,15.0,18,19.6962,0.4364,0.3236,low,0
784,3,449,598,15.0,20.0,13,7.456,0.5908,0.422,medium,1
784,4,599,748,20.0,25.0,10,6.5783,0.4848,0.4124,medium,1
784,5,749,898,25.0,30.0,10,19.3448,0.3417,0.177,low,0
784,6,899,1047,30.0,35.0,12,16.1784,0.3045,0.2209,low,0
784,7,1048,1197,35.0,40.0,14,27.2077,0.0,0.0288,low,0
784,8,1198,1347,40.0,45.0,18,25.0156,0.0099,0.1521,low,0
784,9,1348,1497,45.0,50.0,16,20.2813,0.2115,0.2169,low,0
784,10,1498,1647,50.0,55.0,16,11.187,0.327,0.3873,medium,1
784,11,1648,1797,55.0,60.0,15,8.5208,0.4975,0.4384,medium,1
784,12,1798,1947,60.0,65.0,17,5.9858,0.6139,0.555,medium,1
784,13,1948,2096,65.0,70.0,17,6.5249,0.5525,0.534,medium,1
784,14,2097,2246,70.0,75.0,16,3.8377,0.5773,0.5563,medium,1
784,15,2247,2396,75.0,80.0,19,12.8586,0.2135,0.4159,medium,1
784,16,2397,2546,80.0,85.0,22,26.5328,0.13,0.2639,low,0
784,17,2547,2696,85.0,90.0,21,27.0668,0.219,0.2556,low,0
784,18,2697,2846,90.0,95.0,19,23.0668,0.3086,0.2696,low,0
784,19,2847,2996,95.0,100.0,18,24.5269,0.3752,0.2331,low,0
784,20,2997,3145,100.0,105.0,17,25.3151,0.4532,0.2098,low,0
784,21,3146,3295,105.0,110.0,18,18.1478,0.4212,0.3456,medium,1
784,22,3296,3445,110.0,115.0,15,13.0175,0.4593,0.3579,medium,1
784,23,3446,3595,115.0,120.0,16,9.5103,0.2634,0.4017,medium,1
784,24,3596,3745,120.0,125.0,21,20.5832,0.2028,0.3409,medium,1
784,25,3746,3895,125.0,130.0,26,21.3393,0.2576,0.4704,medium,1
784,26,3896,4044,130.0,135.0,24,14.2967,0.3922,0.5591,medium,1
784,27,4045,4194,135.0,140.0,21,7.3183,0.6031,0.6359,medium,1
784,28,4195,4344,140.0,145.0,22,5.6653,0.7538,0.7189,high,2
784,29,4345,4494,145.0,150.0,23,4.4687,0.7562,0.7649,high,2
784,30,4495,4644,150.0,155.0,20,2.1969,0.9245,0.7569,high,2
784,31,4645,4794,155.0,160.0,20,0.5025,0.9591,0.7774,high,2
784,32,4795,4944,160.0,165.0,26,4.0216,0.8681,0.873,high,2
784,33,4945,5093,165.0,170.0,25,2.3291,0.8353,0.8677,high,2
784,34,5094,5243,170.0,175.0,26,2.034,0.8413,0.8998,high,2
784,35,5244,5393,175.0,180.0,27,5.663,0.5508,0.8091,high,2
784,36,5394,5543,180.0,185.0,30,13.5403,0.4876,0.7002,high,2
784,37,5544,5693,185.0,190.0,33,18.1882,0.2426,0.5759,medium,1
784,38,5694,5843,190.0,195.0,32,26.0012,0.1949,0.4398,medium,1
784,39,5844,5993,195.0,200.0,28,23.9407,0.279,0.4848,medium,1
784,40,5994,6142,200.0,205.0,23,17.8374,0.3517,0.4675,medium,1
784,41,6143,6292,205.0,210.0,21,17.7215,0.4242,0.4316,medium,1
784,42,6293,6442,210.0,215.0,20,15.2457,0.3311,0.4269,medium,1
784,43,6443,6592,215.0,220.0,17,9.8987,0.3968,0.4482,medium,1
784,44,6593,6742,220.0,225.0,17,10.0684,0.3326,0.4326,medium,1
784,45,6743,6892,225.0,230.0,18,16.4985,0.3943,0.367,medium,1
784,46,6893,7041,230.0,235.0,23,17.9197,0.3466,0.4651,medium,1
784,47,7042,7191,235.0,240.0,24,15.8765,0.3044,0.5159,medium,1
784,48,7192,7341,240.0,245.0,26,17.6217,0.3805,0.5552,medium,1
784,49,7342,7491,245.0,250.0,25,12.562,0.4836,0.6316,medium,1
784,50,7492,7641,250.0,255.0,23,5.3923,0.6736,0.7334,high,2
784,51,7642,7791,255.0,260.0,22,5.9205,0.7619,0.7164,high,2
784,52,7792,7941,260.0,265.0,20,1.4361,0.8747,0.7593,high,2
784,53,7942,8090,265.0,270.0,21,0.6581,0.9742,0.8066,high,2
784,54,8091,8240,270.0,275.0,21,0.5112,0.879,0.7876,high,2
784,55,8241,8390,275.0,280.0,22,4.2794,0.6653,0.7237,high,2
784,56,8391,8540,280.0,285.0,23,7.5745,0.6831,0.7,high,2
784,57,8541,8690,285.0,290.0,20,7.7973,0.3229,0.5459,medium,1
784,58,8691,8840,290.0,295.0,16,16.1544,0.125,0.2664,low,0
785,0,0,148,0.0,5.0,27,22.9488,0.1817,0.2498,low,0
785,1,149,298,5.0,10.0,28,24.7185,0.2275,0.2797,low,0
785,2,299,448,10.0,15.0,23,21.9634,0.318,0.2107,low,0
785,3,449,598,15.0,20.0,22,17.8429,0.4557,0.3041,low,0
785,4,599,748,20.0,25.0,21,14.1996,0.4747,0.3638,medium,1
785,5,749,898,25.0,30.0,23,11.5893,0.4431,0.4538,medium,1
785,6,899,1047,30.0,35.0,21,6.8982,0.473,0.5169,medium,1
785,7,1048,1197,35.0,40.0,27,8.7807,0.5426,0.6156,medium,1
785,8,1198,1347,40.0,45.0,30,5.7552,0.599,0.7526,high,2
785,9,1348,1497,45.0,50.0,32,8.0515,0.6127,0.7486,high,2
785,10,1498,1647,50.0,55.0,40,10.3346,0.578,0.7765,high,2
785,11,1648,1797,55.0,60.0,36,9.3137,0.5737,0.7971,high,2
785,12,1798,1947,60.0,65.0,34,6.6344,0.7114,0.8395,high,2
785,13,1948,2096,65.0,70.0,29,4.965,0.7967,0.788,high,2
785,14,2097,2246,70.0,75.0,26,2.7202,0.8759,0.7679,high,2
785,15,2247,2396,75.0,80.0,25,2.2318,0.8818,0.7484,high,2
785,16,2397,2546,80.0,85.0,29,2.4742,0.781,0.8111,high,2
785,17,2547,2696,85.0,90.0,30,4.9061,0.7035,0.7914,high,2
785,18,2697,2846,90.0,95.0,34,4.2545,0.675,0.8823,high,2
785,19,2847,2996,95.0,100.0,31,11.6671,0.382,0.6057,medium,1
785,20,2997,3145,100.0,105.0,36,22.7287,0.2709,0.4546,medium,1
785,21,3146,3295,105.0,110.0,35,23.4864,0.3605,0.4514,medium,1
785,22,3296,3445,110.0,115.0,28,20.9438,0.3892,0.35,medium,1
785,23,3446,3595,115.0,120.0,24,18.9657,0.3804,0.3069,low,0
785,24,3596,3745,120.0,125.0,23,17.2158,0.4464,0.3362,medium,1
785,25,3746,3895,125.0,130.0,19,8.9029,0.4823,0.4352,medium,1
785,26,3896,4044,130.0,135.0,19,7.0449,0.5537,0.4885,medium,1
785,27,4045,4194,135.0,140.0,20,10.6872,0.5605,0.434,medium,1
785,28,4195,4344,140.0,145.0,20,11.0892,0.5932,0.4321,medium,1
785,29,4345,4494,145.0,150.0,20,6.4931,0.6271,0.5355,medium,1
785,30,4495,4644,150.0,155.0,25,14.208,0.4058,0.4327,medium,1
785,31,4645,4794,155.0,160.0,33,17.5563,0.4246,0.5319,medium,1
785,32,4795,4944,160.0,165.0,34,16.7972,0.4274,0.5691,medium,1
785,33,4945,5093,165.0,170.0,34,12.6751,0.4424,0.6588,medium,1
785,34,5094,5243,170.0,175.0,36,10.638,0.6283,0.7802,high,2
785,35,5244,5393,175.0,180.0,32,7.4069,0.6874,0.777,high,2
785,36,5394,5543,180.0,185.0,31,6.8678,0.6489,0.7599,high,2
785,37,5544,5693,185.0,190.0,27,8.6129,0.5011,0.6108,medium,1
785,38,5694,5843,190.0,195.0,29,13.2824,0.433,0.5405,medium,1
785,39,5844,5993,195.0,200.0,30,16.3675,0.2766,0.4651,medium,1
785,40,5994,6142,200.0,205.0,27,18.6965,0.2881,0.3563,medium,1
785,41,6143,6292,205.0,210.0,27,17.6101,0.4295,0.4074,medium,1
785,42,6293,6442,210.0,215.0,22,19.5123,0.4353,0.265,low,0
785,43,6443,6592,215.0,220.0,18,20.0913,0.3309,0.149,low,0
785,44,6593,6742,220.0,225.0,14,11.5888,0.4288,0.3203,low,0
785,45,6743,6892,225.0,230.0,10,3.8285,0.6863,0.5349,medium,1
785,46,6893,7041,230.0,235.0,12,4.6329,0.623,0.5054,medium,1
785,47,7042,7191,235.0,240.0,17,7.4969,0.5389,0.4346,medium,1
785,48,7192,7341,240.0,245.0,22,13.8592,0.4002,0.3767,medium,1
785,49,7342,7491,245.0,250.0,26,13.7692,0.3479,0.4511,medium,1
785,50,7492,7641,250.0,255.0,32,15.8328,0.2991,0.5223,medium,1
785,51,7642,7791,255.0,260.0,36,14.3983,0.3441,0.6444,medium,1
785,52,7792,7941,260.0,265.0,30,9.8388,0.5711,0.6612,medium,1
785,53,7942,8090,265.0,270.0,33,10.4374,0.5772,0.712,high,2
785,54,8091,8240,270.0,275.0,28,7.8908,0.6497,0.6764,high,2
785,55,8241,8390,275.0,280.0,26,4.5283,0.652,0.7061,high,2
785,56,8391,8540,280.0,285.0,24,6.1198,0.6974,0.6403,medium,1
785,57,8541,8690,285.0,290.0,22,9.3342,0.4255,0.4769,medium,1
785,58,8691,8840,290.0,295.0,18,16.3386,0.3889,0.2395,low,0
